{"cameraMode":{"drawMode":0,"name":"Shaded","section":"Shading Mode"},"sceneLighting":false,"audioPlay":false,"sceneViewState":{"showFog":true,"showMaterialUpdate":false,"showSkybox":false,"showFlares":true,"showImageEffects":true,"showParticleSystems":true},"in2DMode":false,"pivot":{"x":0.0002817511558532715,"y":0.5772994160652161,"z":0.0},"rotation":{"x":0.2403760403394699,"y":0.496603786945343,"z":-0.14369456470012666,"w":0.8216960430145264},"size":2.1648027896881105,"orthographic":false}