{"cameraMode":{"drawMode":0,"name":"Shaded","section":"Shading Mode"},"sceneLighting":false,"audioPlay":false,"sceneViewState":{"showFog":true,"showMaterialUpdate":false,"showSkybox":true,"showFlares":true,"showImageEffects":true,"showParticleSystems":true},"in2DMode":false,"pivot":{"x":275.823974609375,"y":312.0787353515625,"z":-470.8450927734375},"rotation":{"x":-0.08112753182649613,"y":0.026135900989174844,"z":-0.005173770245164633,"w":-0.996527910232544},"size":20.759000778198243,"orthographic":false}